[{"model": "cookbook.recipe", "pk": 1, "fields": {"title": "Nashville Hot Chicken", "created": "2020-07-22T20:15:44.599Z", "updated": "2020-07-22T20:15:54.648Z", "slug": "nashville-hot-chicken", "notes": "A spicy fried chicken recipe that's super simple to make and very satisfying! I usually use chicken thighs. They usually run cheaper and the dark meat complements the spice very well.", "prep_time": null, "cook_time": null}}, {"model": "cookbook.recipe", "pk": 2, "fields": {"title": "Soft Pretzels", "created": "2020-07-22T20:37:24.303Z", "updated": "2020-07-22T20:37:55.236Z", "slug": "soft-pretzels", "notes": "Top these with the classic salt, or cheese and japaneos for more of a kick. Make sure to roll these out more than you think, when they rise in the oven they may end up more like bagels if you don't roll them thin enough.", "prep_time": null, "cook_time": null}}, {"model": "cookbook.ingredient", "pk": 1, "fields": {"name": "Chicken"}}, {"model": "cookbook.ingredient", "pk": 2, "fields": {"name": "Salt"}}, {"model": "cookbook.ingredient", "pk": 3, "fields": {"name": "Black Pepper"}}, {"model": "cookbook.ingredient", "pk": 4, "fields": {"name": "Buttermilk"}}, {"model": "cookbook.ingredient", "pk": 5, "fields": {"name": "Louisiana Style Hot Sauce"}}, {"model": "cookbook.ingredient", "pk": 6, "fields": {"name": "Flour (all-purpose)"}}, {"model": "cookbook.ingredient", "pk": 7, "fields": {"name": "Cornstarch"}}, {"model": "cookbook.ingredient", "pk": 8, "fields": {"name": "Seasoned Salt"}}, {"model": "cookbook.ingredient", "pk": 9, "fields": {"name": "Cayenne Pepper"}}, {"model": "cookbook.ingredient", "pk": 10, "fields": {"name": "Onion Powder"}}, {"model": "cookbook.ingredient", "pk": 11, "fields": {"name": "Garlic Powder"}}, {"model": "cookbook.ingredient", "pk": 12, "fields": {"name": "Brown Sugar"}}, {"model": "cookbook.ingredient", "pk": 13, "fields": {"name": "Paprika"}}, {"model": "cookbook.ingredient", "pk": 14, "fields": {"name": "Chili Powder"}}, {"model": "cookbook.ingredient", "pk": 15, "fields": {"name": "Water (warm)"}}, {"model": "cookbook.ingredient", "pk": 16, "fields": {"name": "Sugar"}}, {"model": "cookbook.ingredient", "pk": 17, "fields": {"name": "Yeast"}}, {"model": "cookbook.ingredient", "pk": 18, "fields": {"name": "Oil"}}, {"model": "cookbook.ingredient", "pk": 19, "fields": {"name": "Baking Soda"}}, {"model": "cookbook.ingredient", "pk": 20, "fields": {"name": "Eggs"}}, {"model": "cookbook.ingredientamount", "pk": 1, "fields": {"recipe": 1, "ingredient": 1, "amount": "10 pieces", "order": 1}}, {"model": "cookbook.ingredientamount", "pk": 2, "fields": {"recipe": 1, "ingredient": 2, "amount": "1 tsp", "order": 2}}, {"model": "cookbook.ingredientamount", "pk": 3, "fields": {"recipe": 1, "ingredient": 3, "amount": "1 tsp", "order": 8}}, {"model": "cookbook.ingredientamount", "pk": 4, "fields": {"recipe": 1, "ingredient": 4, "amount": "2 cups", "order": 3}}, {"model": "cookbook.ingredientamount", "pk": 5, "fields": {"recipe": 1, "ingredient": 5, "amount": "1/3 cup", "order": 4}}, {"model": "cookbook.ingredientamount", "pk": 6, "fields": {"recipe": 1, "ingredient": 7, "amount": "3 Tbsp", "order": 5}}, {"model": "cookbook.ingredientamount", "pk": 7, "fields": {"recipe": 1, "ingredient": 8, "amount": "3 Tbsp", "order": 6}}, {"model": "cookbook.ingredientamount", "pk": 8, "fields": {"recipe": 1, "ingredient": 9, "amount": "2 Tbsp", "order": 7}}, {"model": "cookbook.ingredientamount", "pk": 9, "fields": {"recipe": 1, "ingredient": 10, "amount": "1 Tbsp", "order": 9}}, {"model": "cookbook.ingredientamount", "pk": 10, "fields": {"recipe": 1, "ingredient": 11, "amount": "1/2 tsp", "order": 10}}, {"model": "cookbook.ingredientamount", "pk": 11, "fields": {"recipe": 1, "ingredient": 9, "amount": "1/3 cup", "order": 11}}, {"model": "cookbook.ingredientamount", "pk": 12, "fields": {"recipe": 1, "ingredient": 12, "amount": "1 1/2 Tbsp", "order": 12}}, {"model": "cookbook.ingredientamount", "pk": 13, "fields": {"recipe": 1, "ingredient": 14, "amount": "1 tsp", "order": 13}}, {"model": "cookbook.ingredientamount", "pk": 14, "fields": {"recipe": 1, "ingredient": 11, "amount": "1 tsp", "order": 14}}, {"model": "cookbook.ingredientamount", "pk": 15, "fields": {"recipe": 1, "ingredient": 13, "amount": "1 tsp", "order": 15}}, {"model": "cookbook.ingredientamount", "pk": 16, "fields": {"recipe": 2, "ingredient": 15, "amount": "1 1/2 cups", "order": 1}}, {"model": "cookbook.ingredientamount", "pk": 17, "fields": {"recipe": 2, "ingredient": 2, "amount": "1 Tbsp", "order": 2}}, {"model": "cookbook.ingredientamount", "pk": 18, "fields": {"recipe": 2, "ingredient": 16, "amount": "1 Tbsp", "order": 3}}, {"model": "cookbook.ingredientamount", "pk": 19, "fields": {"recipe": 2, "ingredient": 17, "amount": "1 packet", "order": 4}}, {"model": "cookbook.ingredientamount", "pk": 20, "fields": {"recipe": 2, "ingredient": 6, "amount": "4 1/2 cups", "order": 5}}, {"model": "cookbook.ingredientamount", "pk": 21, "fields": {"recipe": 2, "ingredient": 18, "amount": "3 Tbsp", "order": 6}}, {"model": "cookbook.ingredientamount", "pk": 22, "fields": {"recipe": 2, "ingredient": 19, "amount": "2/3 cup", "order": 7}}, {"model": "cookbook.ingredientamount", "pk": 23, "fields": {"recipe": 2, "ingredient": 20, "amount": "2", "order": 8}}, {"model": "cookbook.step", "pk": 1, "fields": {"recipe": 1, "text": "Whisk together hot sauce and buttermilk in a bowl and set aside.", "order": 1}}, {"model": "cookbook.step", "pk": 2, "fields": {"recipe": 1, "text": "Mix flour, cornstarch, salt, paprike, cayenne, black pepper, garlic powder and onion powder in a medium bowl.", "order": 2}}, {"model": "cookbook.step", "pk": 3, "fields": {"recipe": 1, "text": "Dip each piece of chicken in the flour mixture, then the buttermilk mixture, then back in the flour mixture to ensure a good breading.", "order": 3}}, {"model": "cookbook.step", "pk": 4, "fields": {"recipe": 1, "text": "While the breading is setting, add 1 inch of oil to a cast iron skillet on medium high heat.", "order": 4}}, {"model": "cookbook.step", "pk": 5, "fields": {"recipe": 1, "text": "Fry all the chicken until each side is a nice crispy golden brown and set aside to drain excess oil.", "order": 5}}, {"model": "cookbook.step", "pk": 6, "fields": {"recipe": 1, "text": "Whisk 1 cup of the used frying oil with the brown sugar, some chili powder, garlic powder and paprika.", "order": 6}}, {"model": "cookbook.step", "pk": 7, "fields": {"recipe": 1, "text": "Drizzle some of the glaze on each piece of chicken to taste.", "order": 5}}, {"model": "cookbook.step", "pk": 8, "fields": {"recipe": 1, "text": "Serve over white break with pickles, or on a hmaburger bun as a sandwich.", "order": 5}}, {"model": "cookbook.step", "pk": 9, "fields": {"recipe": 2, "text": "In a bowl, mix the water, salt and sugar. Add yeast and let rest for 5 minutes until the yeast starts to foam", "order": 1}}, {"model": "cookbook.step", "pk": 10, "fields": {"recipe": 2, "text": "Add the flour and 2 tablesppons of oil. Mix until a dough forms.", "order": 2}}, {"model": "cookbook.step", "pk": 11, "fields": {"recipe": 2, "text": "Remove the dough and use the other tablespoon of oil to grease the bowl.", "order": 3}}, {"model": "cookbook.step", "pk": 12, "fields": {"recipe": 2, "text": "Cover the bowl with plastic wrap and let it rise in a warm place for 1 hour.  With 15 minutes left, preheat the oven to 450 degrees F.", "order": 4}}, {"model": "cookbook.step", "pk": 13, "fields": {"recipe": 2, "text": "Cut the dough into 8 pieces and roll them into thin ropes (1/2 inch or thinner). Twist them into the desired pretzel shape.", "order": 5}}, {"model": "cookbook.step", "pk": 14, "fields": {"recipe": 2, "text": "Add the baking soda to a large pot of boiling water and boil each pretzel for 30 seconds on each side.", "order": 6}}, {"model": "cookbook.step", "pk": 15, "fields": {"recipe": 2, "text": "Transfer the pretzels to a baking sheet, brush with egg wash, and add your desired toppings! Classic: salt. Spicy: Cheddar cheese and japaneo slices.", "order": 7}}, {"model": "cookbook.step", "pk": 16, "fields": {"recipe": 2, "text": "Bake for 10-15 minutes or until golden brown.", "order": 5}}]